avg_jobs,dataset
2.5499524263,DEV
2.7193149382,OOS
4.6479820628,OOT
