avg_retained,dataset
5.8039961941,DEV
5.986679353,OOS
8.6322869955,OOT
